<?xml version="1.0" encoding="UTF-8"?>
<diagram>
    <treenode callCountSum="0" callEndTime="1169447237677"
        callStartTime="0" id="ROOT:ROOT" name="ROOT" namespace="ROOT"
        nodeType="ROOT" timeSum="189717">
        <property name="userObject">ROOT</property>
        <property name="CSSclass">API</property>
        <treenode callCountSum="1" callEndTime="1169447237677"
            callStartTime="1169447047960" id="ROOT:T0" name="T0"
            namespace="ROOT" nodeType="Thread" timeSum="379434">
            <property name="userObject">T0</property>
            <property name="CSSclass">API</property>
            <treenode callCountSum="1" callEndTime="1169447049367"
                callStartTime="1169447047960"
                id="ROOT.T0:cdmiPerfTest_main" name="cdmiPerfTest_main"
                namespace="ROOT.T0" nodeType="API" timeSum="1407">
                <property name="userObject">cdmiPerfTest_main</property>
                <property name="CSSclass">API</property>
                <treelink callCount="1" callEndTime="1169447049367"
                    callStartTime="1169447047960" color="green"
                    elapsedTime="1407" from="ROOT:T0"
                    id="ROOT.T0.cdmiPerfTest_main:T0__cdmiPerfTest_main"
                    islink="true" name="T0__cdmiPerfTest_main" to="ROOT.T0:cdmiPerfTest_main">
                    <property name="edgeLabel">(1407 / 1)</property>
                </treelink>
            </treenode>
            <treenode callCountSum="1" callEndTime="1169447237677"
                callStartTime="1169447049367"
                id="ROOT.T0:cdmiAPITestThread_run"
                name="cdmiAPITestThread_run" namespace="ROOT.T0"
                nodeType="API" timeSum="188310">
                <property name="userObject">cdmiAPITestThread_run</property>
                <property name="CSSclass">API</property>
                <treenode callCountSum="1" callEndTime="1169447237677"
                    callStartTime="1169447049367"
                    id="ROOT.T0.cdmiAPITestThread_run:cdmiAPITestThread_createObjectTest"
                    name="cdmiAPITestThread_createObjectTest"
                    namespace="ROOT.T0.cdmiAPITestThread_run"
                    nodeType="API" timeSum="188310">
                    <property name="userObject">cdmiAPITestThread_createObjectTest</property>
                    <property name="CSSclass">API</property>
                    <treenode callCountSum="1000"
                        callEndTime="1169447232302"
                        callStartTime="1169447049367"
                        id="ROOT.T0.cdmiAPITestThread_run.cdmiAPITestThread_createObjectTest:cdmiAPITest_createObject"
                        name="cdmiAPITest_createObject"
                        namespace="ROOT.T0.cdmiAPITestThread_run.cdmiAPITestThread_createObjectTest"
                        nodeType="API" timeSum="134654">
                        <property name="userObject">cdmiAPITest_createObject</property>
                        <property name="CSSclass">API</property>
                        <treenode callCountSum="2000"
                            callEndTime="1169447232177"
                            callStartTime="1169447049367"
                            id="ROOT.T0.cdmiAPITestThread_run.cdmiAPITestThread_createObjectTest.cdmiAPITest_createObject:cdmiPerfUtil_createGuid"
                            name="cdmiPerfUtil_createGuid"
                            namespace="ROOT.T0.cdmiAPITestThread_run.cdmiAPITestThread_createObjectTest.cdmiAPITest_createObject"
                            nodeType="API" timeSum="1161">
                            <property name="userObject">cdmiPerfUtil_createGuid</property>
                            <property name="CSSclass">API</property>
                            <treelink callCount="2000"
                                callEndTime="1169447232177"
                                callStartTime="1169447049367"
                                color="green" elapsedTime="1161"
                                from="ROOT.T0.cdmiAPITestThread_run.cdmiAPITestThread_createObjectTest:cdmiAPITest_createObject"
                                id="ROOT.T0.cdmiAPITestThread_run.cdmiAPITestThread_createObjectTest.cdmiAPITest_createObject.cdmiPerfUtil_createGuid:cdmiAPITest_createObject__cdmiPerfUtil_createGuid"
                                islink="true"
                                name="cdmiAPITest_createObject__cdmiPerfUtil_createGuid" to="ROOT.T0.cdmiAPITestThread_run.cdmiAPITestThread_createObjectTest.cdmiAPITest_createObject:cdmiPerfUtil_createGuid">
                                <property name="edgeLabel">(1161 / 2000)</property>
                            </treelink>
                        </treenode>
                        <treelink callCount="1000"
                            callEndTime="1169447232302"
                            callStartTime="1169447049367" color="green"
                            elapsedTime="134654"
                            from="ROOT.T0.cdmiAPITestThread_run:cdmiAPITestThread_createObjectTest"
                            id="ROOT.T0.cdmiAPITestThread_run.cdmiAPITestThread_createObjectTest.cdmiAPITest_createObject:cdmiAPITestThread_createObjectTest__cdmiAPITest_createObject"
                            islink="true"
                            name="cdmiAPITestThread_createObjectTest__cdmiAPITest_createObject" to="ROOT.T0.cdmiAPITestThread_run.cdmiAPITestThread_createObjectTest:cdmiAPITest_createObject">
                            <property name="edgeLabel">(134654 / 1000)</property>
                        </treelink>
                    </treenode>
                    <treenode callCountSum="990"
                        callEndTime="1169447237630"
                        callStartTime="1169447063148"
                        id="ROOT.T0.cdmiAPITestThread_run.cdmiAPITestThread_createObjectTest:cdmiAPITest_createRelation"
                        name="cdmiAPITest_createRelation"
                        namespace="ROOT.T0.cdmiAPITestThread_run.cdmiAPITestThread_createObjectTest"
                        nodeType="API" timeSum="53188">
                        <property name="userObject">cdmiAPITest_createRelation</property>
                        <property name="CSSclass">API</property>
                        <treenode callCountSum="3960"
                            callEndTime="1169447237583"
                            callStartTime="1169447063148"
                            id="ROOT.T0.cdmiAPITestThread_run.cdmiAPITestThread_createObjectTest.cdmiAPITest_createRelation:cdmiPerfUtil_createGuid"
                            name="cdmiPerfUtil_createGuid"
                            namespace="ROOT.T0.cdmiAPITestThread_run.cdmiAPITestThread_createObjectTest.cdmiAPITest_createRelation"
                            nodeType="API" timeSum="3458">
                            <property name="userObject">cdmiPerfUtil_createGuid</property>
                            <property name="CSSclass">API</property>
                            <treelink callCount="3960"
                                callEndTime="1169447237583"
                                callStartTime="1169447063148"
                                color="green" elapsedTime="3458"
                                from="ROOT.T0.cdmiAPITestThread_run.cdmiAPITestThread_createObjectTest:cdmiAPITest_createRelation"
                                id="ROOT.T0.cdmiAPITestThread_run.cdmiAPITestThread_createObjectTest.cdmiAPITest_createRelation.cdmiPerfUtil_createGuid:cdmiAPITest_createRelation__cdmiPerfUtil_createGuid"
                                islink="true"
                                name="cdmiAPITest_createRelation__cdmiPerfUtil_createGuid" to="ROOT.T0.cdmiAPITestThread_run.cdmiAPITestThread_createObjectTest.cdmiAPITest_createRelation:cdmiPerfUtil_createGuid">
                                <property name="edgeLabel">(3458 / 3960)</property>
                            </treelink>
                        </treenode>
                        <treelink callCount="990"
                            callEndTime="1169447237630"
                            callStartTime="1169447063148" color="green"
                            elapsedTime="53188"
                            from="ROOT.T0.cdmiAPITestThread_run:cdmiAPITestThread_createObjectTest"
                            id="ROOT.T0.cdmiAPITestThread_run.cdmiAPITestThread_createObjectTest.cdmiAPITest_createRelation:cdmiAPITestThread_createObjectTest__cdmiAPITest_createRelation"
                            islink="true"
                            name="cdmiAPITestThread_createObjectTest__cdmiAPITest_createRelation" to="ROOT.T0.cdmiAPITestThread_run.cdmiAPITestThread_createObjectTest:cdmiAPITest_createRelation">
                            <property name="edgeLabel">(53188 / 990)</property>
                        </treelink>
                    </treenode>
                    <treelink callCount="1" callEndTime="1169447237677"
                        callStartTime="1169447049367" color="red"
                        elapsedTime="188310"
                        from="ROOT.T0:cdmiAPITestThread_run"
                        id="ROOT.T0.cdmiAPITestThread_run.cdmiAPITestThread_createObjectTest:cdmiAPITestThread_run__cdmiAPITestThread_createObjectTest"
                        islink="true"
                        name="cdmiAPITestThread_run__cdmiAPITestThread_createObjectTest" to="ROOT.T0.cdmiAPITestThread_run:cdmiAPITestThread_createObjectTest">
                        <property name="edgeLabel">(188310 / 1)</property>
                    </treelink>
                </treenode>
                <treelink callCount="1" callEndTime="1169447237677"
                    callStartTime="1169447049367" color="red"
                    elapsedTime="188310" from="ROOT:T0"
                    id="ROOT.T0.cdmiAPITestThread_run:T0__cdmiAPITestThread_run"
                    islink="true" name="T0__cdmiAPITestThread_run" to="ROOT.T0:cdmiAPITestThread_run">
                    <property name="edgeLabel">(188310 / 1)</property>
                </treelink>
            </treenode>
        </treenode>
        <treelink callCount="1" callEndTime="1169447237677"
            callStartTime="1169447047960" color="red"
            elapsedTime="189717" from="ROOT:ROOT" id=":ROOT_T0"
            islink="true" name="ROOT_T0" to="ROOT:T0">
            <property name="edgeLabel">(189717 / 1)</property>
        </treelink>
    </treenode>
</diagram>
